evolution$generation,growthRate,innovationWeight,gravityDecay,innovationDecay,innovationUtility,innovationUtilityGrowth,earlyAdoptersRate,newInnovationHierarchy,newInnovationPopulationProportion,mselog,logmse,evolution$samples
100,0.05,0.0,0.1,20000.0,2.6699022348869774,2.218880367847131,0.059476326876971033,5.0,0.7502230181355458,793.1933901949138,33.76192725682748,1
100,0.03352990421411308,0.0,12195.285561031696,14222.306036745653,2.074339245932804,1.472043722491013,0.3229217505971483,4.964533106925097,0.5726326939872441,1244.3762136897717,33.05052921924156,2
100,0.044145092251798024,0.0032240158646212993,8832.918887812104,6741.879528934673,1.324083519964144,2.1837823629455464,0.13895739387001724,3.4258509962168797,0.11665661583534598,962.7837268915446,40.75303177723693,4
100,0.023307605635382467,0.0017336799248630409,15372.495907790544,11217.411639747841,2.573434950536151,1.8433492145762203,0.4780100629279728,3.911033765187515,0.1117470713285636,1718.2498566243733,37.299535748804736,4
100,0.041002341962231174,0.002918150930256758,4773.537127865183,9702.8420685941,1.6582873746910045,1.3319738397874668,0.18879723124229686,0.8726963417711135,0.4514409564800713,1030.7810702951656,40.29008472184737,4
100,0.036452543401687125,0.0,14278.758391554336,13537.276435392381,2.038851229653835,2.3043414983003805,0.426582310070943,1.4230309368270246,0.1,1136.5327557276628,33.07906722096963,1
100,0.0419025467867465,0.0,12195.285561031696,14222.306036745653,2.0484589346576865,1.472043722491013,0.3229217505971483,4.964533106925097,0.5726326939872441,969.5536690788291,33.26831573872988,2
100,0.033586049306421686,0.0,12205.244505869225,14253.487650315941,2.0787481872050373,1.4498588073245662,0.32384064654262606,4.82951249361692,0.5726826789567475,1242.1754360317786,33.05057974342873,1
100,0.0413665006627717,9.001739263485798E-4,16782.20497894569,936.7470440054833,1.7454182721557232,1.723803314315334,0.19290283890066792,2.0189848163825994,0.23674462144595465,988.1237875404628,35.54410749064755,3
