evolution$generation,growthRate,innovationWeight,gravityDecay,innovationDecay,innovationUtility,innovationUtilityGrowth,earlyAdoptersRate,newInnovationHierarchy,newInnovationPopulationProportion,mselog,logmse,evolution$samples
1,0.021169474004331612,0.005020882293550822,2938.3091972027296,15815.888899785201,1.1794111908501947,2.402836305142737,0.2619052626873961,4.664142208226241,0.471863032351183,1870.6426142508276,43.95574927282506,3
1,0.021169474004331612,0.005020882293550822,2938.30919720273,15815.888899785201,1.1794111908501947,2.402836305142737,0.2619052626873961,4.664142208226241,0.4718630323511831,1870.642614250818,43.95574927282706,2
1,0.021169474004331612,0.005020882293550822,2938.3091972027296,19439.918539171802,1.1794111908501947,2.402836305142737,0.2619052626873961,4.664142208226241,0.4826169973369683,1870.6426142508574,43.9557492728228,1
1,0.021169474004331612,0.005020882293550822,2938.3091972027296,19002.910518804663,1.0,2.402836305142737,0.2619052626873961,4.664142217397648,0.4814698145226991,1870.6426142486112,43.955749273016295,1
