evolution$generation,growthRate,innovationWeight,gravityDecay,innovationDecay,mselog,logmse,evolution$samples
1,0.02256484919186933,0.04669072923935455,1308.4188005623296,3491.5941704203055,64118.905294168144,82.9116651534762,2
1,0.022564849191869334,0.04669072923935455,1308.4188005623296,3491.5941704203055,64118.90551569585,82.91166396976341,2
1,0.02256484919186933,0.04669072923935455,1308.4188005623296,3491.594170420305,64118.9048351907,82.91167913826736,1
1,0.02256484919186933,0.04669072923935455,1308.4188005623296,428.553287566785,64118.89825243881,82.91197115240314,2
