evolution$generation,growthRate,innovationWeight,gravityDecay,innovationDecay,mselog,logmse,evolution$samples
10,0.043090251649650635,0.0016776198466001647,6783.290996189437,15035.03774318018,57683.957890060825,46.86406528476283,2
10,0.0430910538677942,0.0016776138826041906,6784.2817300937295,15034.53748302854,57683.83566620509,46.86393208132502,1
10,0.03750711878104186,0.01558437664863169,10352.514268331326,8551.259265373472,59787.78846609927,70.43508577456896,3
10,0.03611020086088693,0.03495879347321305,1277.3824497406858,5837.2044223994935,60969.19638037513,79.98975371191351,4
