evolution$generation,growthRate,innovationWeight,gravityDecay,innovationDecay,mselog,logmse,evolution$samples
1,0.025401525309180474,0.01932938925528445,16761.08219779619,7954.84007223975,26582.603167109097,57.15706032981005,2
1,0.02540152530918048,0.01932938925528445,16761.08219779619,7954.84007223975,26582.603171287043,57.15706025140259,2
1,0.025401552514081258,0.019329442587517193,16761.083366384126,7954.845714725544,26582.60101772571,57.157087064975805,1
