evolution$generation,growthRate,innovationWeight,gravityDecay,innovationDecay,mselog,logmse,evolution$samples
10,0.04279439025789912,0.01271509097193705,6957.1212418948735,3887.5178551027852,24620.605181411524,53.31262212389814,2
10,0.05,0.012711092812337722,20000.0,4441.085687219619,23989.195588890834,53.223293409409145,1
10,0.012039407635987032,0.01504577440550694,16867.143010652133,9187.824833690438,28242.933881503843,54.7231928500173,3
10,0.03884721990525762,0.04430791818708613,16981.79129079247,4797.967814976894,25573.611794744294,65.25959980084212,5
10,0.012477726817385116,0.002967721756498332,16082.362947779591,17294.555324120087,27895.11886019107,40.33683771165619,1
