evolution$generation,growthRate,gravityWeight,gravityGamma,gravityDecay,mselog,logmse
1000,0.025558243871119934,4.875537721025909E-5,2.3344620670952696,6722.654484956641,157.89895544181996,32.19301767660634
1000,0.025264372479962906,7.145995225380993E-6,5.509293839109021,14309.401864541089,157.782905638064,32.54760309715804
1000,0.02527922779851073,1.874055932962507E-5,1.682908177333143,5542.651430531517,157.78523231212333,32.515015513249345
1000,0.02547750968169727,2.7308682688633072E-5,2.761057125098409,5462.873106536921,157.81898555220343,32.26781173386675
