evolution$generation,growthRate,gravityWeight,gravityGamma,gravityDecay,mselog,logmse
1,0.04727980225980486,0.01657857207665192,8.730233955445074,12189.176523289518,1586.5539723948,63.139270547497006
1,0.04727980225980486,0.016578572076651917,8.730233955445074,12189.176523289518,1586.5539723948,63.139270547497006
1,0.047279802259804854,0.01657857207665192,8.730235346655759,12189.176523289518,1586.5539660680884,63.13927060689487
1,0.047138646211419985,0.0165785717367536,8.737778866063739,12189.176484672511,1579.5874299438483,63.139326607022234
1,0.04713677204071197,0.01657857687405653,8.737840195664305,12189.174705134788,1579.495461859979,63.13932809521756
