evolution$generation,growthRate,gravityWeight,gravityGamma,gravityDecay,mselog,logmse
500,0.0252612511196043,0.0,4.882938330611193,15370.399243851185,157.8954393317692,32.70725819757262
500,0.026657796291823067,1.4145587880174589E-5,8.452867449877719,8936.90606092946,161.31421327355466,32.26639615426777
500,0.026203421739323288,0.0,1.1132851978143274,5662.775149317049,159.6694189558533,32.58176180510646
500,0.025395027752267946,0.0,10.0,20000.0,157.98675031636972,32.688586931802405
500,0.025500601199957052,1.871442539318933E-5,1.119356667208455,5617.009749259405,158.08450294146635,32.58437183908133
500,0.025317766218515992,0.0,6.58560482652755,14915.945684715973,157.92747102908453,32.69934310493029
500,0.025292549974966824,0.0,6.982203658437222,9967.86188261882,157.9119949356945,32.70286992077333
500,0.02528465111390045,0.0,9.341763664381569,20000.0,157.90753943534415,32.70397627508953
