evolution$generation,growthRate,gravityWeight,gravityGamma,gravityDecay,mselog,logmse
100,0.029862034025635566,0.0,5.425062308528967,13871.531328739573,190.43267974408795,32.390197331620136
100,0.025543623800020267,0.0,1.8017407247913186,5782.883065922046,158.15090733105367,32.66812584783115
100,0.02572511933188312,0.0,5.855651417468914,14438.652354658501,158.44054356019998,32.64358277600023
100,0.025554669651667916,0.0,1.1358094669990761,5797.19571017948,158.16573813856039,32.66661750991188
