evolution$generation,growthRate,gravityWeight,gravityGamma,gravityDecay,mselog,logmse
814,0.02509586348469944,2.3880032595339377E-6,6.695804210014309,10291.126846479849,157.8138483633676,32.67533062535894
814,0.026811048399174937,1.5727589063874102E-5,8.5154600472143,9572.168780634467,162.04896782125672,32.24239857126445
814,0.026575586754653116,1.138556401258059E-5,5.9470376546814965,9518.335550241216,160.96301106260626,32.31462201034275
814,0.026657796291823067,1.596676924907395E-5,8.452867449877719,8936.90606092946,161.30414843828424,32.24655789915682
814,0.02658672073754644,1.4235846118290825E-5,5.7532834844332905,10035.836862264045,160.99148488993026,32.27296739351973
814,0.025540724956412797,1.3767654396533434E-5,1.961431511951368,4941.918575107848,158.0400666812293,32.50047429856747
814,0.025604665182055897,1.8046589111101802E-5,1.8239012406498198,3519.1893965451486,158.1237963144648,32.4620575273913
814,0.025383496269299366,1.86598929318335E-5,1.3574848472203256,5479.130931325509,157.91599655615377,32.557878159968325
