evolution$generation,growthRate,gravityWeight,gravityGamma,gravityDecay,mselog,logmse
2000,0.025227439215463172,7.012784286446541E-5,1.7032604247025642,11223.571637811814,157.62970302831212,32.18983164462477
2000,0.025103780838273068,5.67159455442431E-5,2.525335227211644,7610.701271793312,157.51463797708215,32.237485738704756
2000,0.02525112437748846,5.905000467042195E-5,2.1719873710201254,11066.819956988273,157.58298601850393,32.207568332934805
2000,0.02496975356845452,4.6262321963230773E-5,2.190950431250293,5909.282172709294,157.54241468255213,32.21148997048052
2000,0.025251201576836024,5.821106592093186E-5,1.9431476370526022,11016.822882493527,157.60235881355072,32.18989840535105
2000,0.024944315925603807,4.671605236715008E-5,2.188567516358362,5926.424966731714,157.54902929711432,32.21091935694233
2000,0.025232616697175983,5.7954798373525433E-5,1.9891471197518051,11208.411199184182,157.58591911244912,32.190303435774986
2000,0.025261108272202057,5.831688011989538E-5,1.9411262545184302,11019.873997642242,157.6089329227059,32.18987022388882
