evolution$generation,growthRate,gravityWeight,gravityGamma,gravityDecay,mselog,logmse
10,0.023422071838467506,0.0,9.331906815384837,19246.805199145958,162.18784125386574,32.9766477834417
10,0.023422071838467506,0.0,9.332748660349623,19244.54126872942,162.18784125386574,32.9766477834417
