evolution$generation,economicMultiplier,sizeEffectOnSupply,sizeEffectOnDemand,distanceDecay,populationToWealthExponent,wealthToPopulationExponent,mselog,logmse
3240,45.542982046534036,1.507362582975683,2.414185908612639,2.1237155218949897,4.104897063710109,0.5483319722164214,26.562483186392242,31.596370070547476
3240,45.58209660111039,1.5955225294838007,2.2716816104898117,2.124031614912226,4.1066147866837195,0.5282230028772587,27.7096423495743,31.486514177308834
3240,45.5537703750541,1.5075665234953188,2.4171445006244734,2.118875295854409,4.096730363908557,0.5488052227658984,26.56374328936525,31.59404587031132
3240,44.32940753078237,1.5604122390964468,2.414914191155818,2.08030212807752,4.233557046794943,0.5366463274555731,27.01009575107332,31.53126199902376
3240,44.81621304918494,1.5568334237416042,2.468766460621258,2.1493348387686306,4.373559175155484,0.535809154333884,26.90988626934383,31.550466680792457
3240,44.32940753078237,1.5604122390964468,2.414914191155818,2.08030212807752,4.233557046794943,0.5366465569206817,27.01014918965543,31.53126116998711
3240,44.308969697177496,1.561303442111548,2.412286678703593,2.083091887625557,4.226598959689438,0.5367619827228026,27.119409659051612,31.5286957806892
