evolution$generation,economicMultiplier,sizeEffectOnSupply,sizeEffectOnDemand,distanceDecay,populationToWealthExponent,wealthToPopulationExponent,mselog,logmse
3140,45.542982046534036,1.507362582975683,2.414185908612639,2.1237155218949897,4.104897063710109,0.5483319722164214,26.562483186392242,31.596370070547476
3140,45.58209660111039,1.5955225294838007,2.2716816104898117,2.124031614912226,4.1066147866837195,0.5282230028772587,27.7096423495743,31.486514177308834
3140,44.32940753078237,1.5604122390964468,2.414914191155818,2.08030212807752,4.233557046794943,0.5366465569206817,27.01014918965543,31.53126116998711
3140,44.81621304918494,1.5568334237416042,2.468766460621258,2.1493348387686306,4.373559175155484,0.535809154333884,26.90988626934383,31.550466680792457
3140,44.326801555104595,1.5613649935129301,2.4138961823735006,2.0837545834601654,4.230465115009247,0.5367426088599081,27.119450375284362,31.52890434972206
