evolution$generation,economicMultiplier,sizeEffectOnSupply,sizeEffectOnDemand,distanceDecay,populationToWealthExponent,wealthToPopulationExponent,mselog,logmse
3040,45.542982046534036,1.507362582975683,2.414185908612639,2.1237155218949897,4.104897063710109,0.5483319722164214,26.562483186392242,31.596370070547476
3040,45.58209660111039,1.5955225294838007,2.2716816104898117,2.124031614912226,4.1066147866837195,0.5282230028772587,27.7096423495743,31.486514177308834
3040,44.59973275795643,1.561169124892333,2.48955766989925,2.208121246518041,4.2723497026799295,0.5315471564331402,26.938962528004797,31.56317854158672
3040,44.326801555104595,1.5613649935129301,2.4138961823735006,2.0837545834601654,4.230465115009247,0.5367426088599081,27.119450375284362,31.52890434972206
