evolution$generation,economicMultiplier,sizeEffectOnSupply,sizeEffectOnDemand,distanceDecay,populationToWealthExponent,wealthToPopulationExponent,mselog,logmse
3340,45.58209660111039,1.5955225294838007,2.2716816104898117,2.124031614912226,4.1066147866837195,0.5282230028772587,27.7096423495743,31.486514177308834
3340,44.82735395043434,1.5550102774416539,2.5157120297568922,1.3053836650553676,4.270172213844251,0.5349711985124217,26.408853648397695,31.722889354603943
3340,61.69516076883564,1.6439020750121065,2.748715637640565,2.17457614526816,4.016093015037174,0.5135723146727855,26.456905352879154,31.52691008155268
3340,43.60994068033667,1.6654557480131635,2.4594036113005577,2.115857758899737,3.9636569622010227,0.5030184875726883,27.198057226067686,31.50815209745629
