evolution$generation,economicMultiplier,sizeEffectOnSupply,sizeEffectOnDemand,distanceDecay,populationToWealthExponent,wealthToPopulationExponent,mselog,logmse
3440,44.15578047692617,1.5620993416832283,2.46047222285081,1.6684162153952795,4.399028165001736,0.5332797730289373,25.95819467151548,31.634272806028182
3440,45.56384884851673,1.5958952103313633,2.2711040971889562,2.123905410470901,4.107801757654498,0.528319228281486,27.730077941577044,31.485282034024433
3440,44.32510785533538,1.5311586510635617,2.4485106835676342,2.075175025558866,4.551788893004533,0.537811693389678,26.275534473475087,31.599218789004162
3440,61.69516076883564,1.6439020750121065,2.748715637640565,2.17457614526816,4.016093015037174,0.5135723146727855,26.456905352879154,31.52691008155268
3440,42.29445543267249,1.6382951253886495,2.7217961258395027,2.1786480992764945,4.015283773601652,0.5114812532885967,26.780717217899735,31.5156679375013
3440,44.47291769926424,1.5441352699906319,2.418158542962556,2.088490451008787,3.800284045502443,0.5359625869460617,26.403882138421054,31.572693792544474
3440,45.58209660111039,1.5955225294838007,2.2716816104898117,2.124031614912226,4.1066147866837195,0.5282230028772587,27.7096423495743,31.486514177308834
3440,43.60994068033667,1.6654557480131635,2.4594036113005577,2.115857758899737,3.9636569622010227,0.5030184875726883,27.198057226067686,31.50815209745629
3440,43.60944058217607,1.671356981725951,2.4598633803692183,2.1173326739512204,3.9646998280657484,0.5030327113180353,27.268732769374864,31.494932603741695
