evolution$generation,growthRate,mselog,logmse
10,0.010718074358825283,705.8102752836908,33.050111824565825
10,0.007054411356872734,761.3919294950057,32.33937287979615
10,0.009792165529724462,712.7418711142398,32.86718326649901
10,0.009792165529724464,712.7418711142398,32.86718326649901
10,0.009792156621224447,712.7419603856183,32.86718149717131
10,0.0,1101.1175205651023,32.136421774599086
