evolution$generation,growthRate,mselog,logmse
5,0.010718074358825283,705.8102752836908,33.050111824565825
5,0.007054411356872734,761.3919294950057,32.33937287979615
