evolution$generation,growthRate,innovationWeight,gravityDecay,innovationDecay,mselog,logmse,evolution$samples
10,0.004147180395034688,0.011224035066687107,18971.37592589477,11329.299724866369,1207.3055553480415,53.74593615305677,3
10,0.025702932435357442,0.0,6342.339702313982,0.1,158.39989517452548,32.64655455514571,2
10,0.025558287552419304,0.0,6276.336551007672,1335.3694747526201,158.1706746806841,32.66612387268064,1
10,0.031226657424492123,0.012026217797566352,17153.79234889724,5339.649907573386,933.9141495931985,54.13388874158067,5
