evolution$generation,growthRate,innovationWeight,gravityDecay,innovationDecay,mselog,logmse,evolution$samples
1,0.004147180395034688,0.011224035066687107,18971.37592589477,11329.299724866369,1207.3055553480415,53.74593615305677,3
