evolution$generation,growthRate,innovationWeight,gravityDecay,innovationDecay,innovationUtility,innovationUtilityGrowth,earlyAdoptersRate,newInnovationHierarchy,newInnovationPopulationProportion,mselog,logmse,evolution$samples
10,0.011684259300718237,0.003475876891006623,9193.856646504799,8982.868771616979,1.3782523455570792,2.10363973650034,0.41271030836060507,0.24143960210182924,0.34668933811790015,495.10055202453,43.7239163401657,1
10,0.03166684110431568,0.015327156267830168,9452.873810451909,11097.932509007438,1.0011640844101017,2.2225919308529662,0.12061289917508249,3.2002603622636085,0.4559919882825675,1140.8452796506501,56.266087539069034,3
10,0.049093158054136894,0.012775954308671759,10079.937512863622,13460.13106570851,1.7339540536251281,1.0159088153779754,0.36429212232947866,2.4062821411059465,0.1664528335829333,1789.656097946056,54.593815397841176,4
10,0.049093158054136894,0.012775954308671759,10079.937512863622,13460.131065708512,1.7339540536251281,1.0159088153779754,0.36429212232947866,2.406282141105947,0.1664528335829333,1789.6570644394378,54.59371131073965,2
10,0.03200063374697949,0.01411944283280624,16258.099100595682,14388.11725988371,1.996754402375554,1.9272125338281412,0.26416814245270553,3.1034165532766225,0.6367494353753376,1082.2925645821238,55.501079256762615,2
10,3.967632829102417E-4,0.012627672178638869,11276.23801755756,2841.8951185510127,2.82266123318783,1.8025599761519806,0.3044490091110412,4.651566961599828,0.6046222008230526,1531.6520313869755,54.824005543044805,2
10,0.03919809819681058,0.013490742347983099,17013.137957022635,2577.895642584004,1.908840612287373,1.2744605367833914,0.15286126821918503,3.4305795957422975,0.7515829218508575,1319.1432645464636,55.04035580454773,3
