evolution$generation,growthRate,innovationWeight,gravityDecay,innovationDecay,innovationUtility,innovationUtilityGrowth,earlyAdoptersRate,newInnovationHierarchy,newInnovationPopulationProportion,mselog,logmse,evolution$samples
100,0.038562229856773544,0.0,12232.063898573602,8277.653964855435,2.149630433148664,1.227378382990749,0.12487188434510031,3.7230838143015266,0.8946331386339618,397.299100532003,33.80699637038937,2
100,0.016225452241848994,0.0,0.1,18176.663731852248,1.6991085057594504,1.8350359099938425,0.5,0.1,0.1,288.9041012067493,33.89968229880934,2
100,0.049093158054136894,0.012775954308671759,10079.937512863622,13460.13106570851,1.7339540536251281,1.0159088153779754,0.36429212232947866,2.4062821411059465,0.1664528335829333,1789.656097946056,54.593815397841176,4
100,0.040187044744260686,5.092877471197355E-4,17776.20614127723,7939.150210217143,2.252751848852441,2.022729976339357,0.2591115674699411,3.645724180086576,0.31162283712547223,474.2103597794871,35.77347810405931,3
