evolution$generation,growthRate,gravityWeight,gravityGamma,gravityDecay,mselog,logmse
10,0.04299277217155601,0.019208302356239434,0.13113752165471054,347.11199683454015,127996.2682171369,40.015672561271586
10,0.05,0.019424499744340858,0.23440394244376067,0.10444685235305731,122104.0039904125,41.70284897246507
10,0.004175166811058354,0.0,1.4162361827410592,7877.104077669568,148539.51859940594,32.57989170116084
10,0.0,0.016049005524473837,0.1,19585.055611606756,147391.18738776984,34.10611387339099
