evolution$generation,growthRate,gravityWeight,gravityGamma,gravityDecay,mselog,logmse
1,0.034244274429389175,0.01864373865138167,1.5798618399240907,8098.960359000678,131366.03357487268,75.59885994521225
1,0.0321596521813012,0.014978669669177823,1.5798618399240907,8056.878655349495,132040.95871348272,73.44488061387932
