evolution$generation,growthRate,innovationWeight,gravityDecay,innovationDecay,mselog,logmse,evolution$samples
1,0.012468007685221452,0.04067433299269282,6548.812608358999,17915.3883880495,2825.1280115633663,57.30567416261865,2
1,0.012468007685221452,0.04067019777729975,6548.812608358997,17915.3883880495,2825.081194671715,57.305043938279745,1
1,0.012468007685221452,0.04067019777729975,6548.812608358996,17915.3883880495,2825.0811960389747,57.30504392629745,1
1,0.012469263698159802,0.04067433299269282,6548.812608358998,17915.3883880495,2825.0561464911793,57.3056699897507,1
