evolution$generation,growthRate,innovationWeight,gravityDecay,innovationDecay,mselog,logmse,evolution$samples
10,0.008419859120705253,0.0029643238710146402,14606.857088439974,789.9868058671312,2807.617149820662,40.23932940214637,2
10,0.006800974421071406,0.0,14874.885216173405,789.9868058671312,3060.0563624432934,33.94874719864663,2
10,0.02199600265800107,0.0,17231.554651792405,17551.30518483091,1818.6863462724732,33.33774793268248,1
10,0.04994037906454385,0.0028980466703154417,884.7528550189979,20000.0,854.1055071748026,41.1800374838952,2
