evolution$generation,growthRate,innovationWeight,gravityDecay,innovationDecay,mselog,logmse,evolution$samples
100,0.03646278787783822,0.0,18072.802249725377,12352.762085297416,1136.1782472774928,33.07926120344204,2
100,0.04163725532018356,0.04375127590760689,4545.45191390111,6898.513668469011,1919.8804271388938,57.763604010917135,7
100,0.05,0.0,18072.802249725377,20000.0,793.1933901949138,33.76192725682748,3
100,0.041406806361368925,0.0,2161.853870880955,8707.778484767705,983.0236728701218,33.24467999369167,1
100,0.02134793626737733,9.08594294263126E-4,19983.912778231617,9164.319454914077,1839.2301428352819,34.71223888552605,4
100,0.041406806361368925,0.005899586810027002,2093.7280571370266,8707.778484767707,1095.05539147579,45.051843485573265,4
