evolution$generation,growthRate,innovationWeight,gravityDecay,innovationDecay,innovationUtility,innovationUtilityGrowth,earlyAdoptersRate,newInnovationHierarchy,newInnovationPopulationProportion,mselog,logmse,evolution$samples
100,0.05,0.0,20000.0,6628.369005789653,1.0,2.9190386175163816,0.2824496650224017,5.0,0.8879942433697491,23635.223518007853,31.06508538914146,2
100,0.036224203695815596,0.0,19946.67423266509,6616.817261886144,1.0,2.9190733749652686,0.2766569882503253,5.0,0.8884441793369204,24930.133333404247,28.429994546386034,1
100,0.033942011082469206,0.0,12328.68410496628,828.9822128188171,2.8836283472383935,3.0,0.3045284871883492,4.992767391800201,0.9,25170.115732745064,28.57602972449105,2
100,0.026791651789406536,0.0019882866410577903,16841.950847253334,16355.221363784909,1.612138345645536,2.604107923372926,0.48940369514165605,2.0213304013118,0.12707788411248302,25994.624825133884,37.74369519525397,3
100,0.01036840048460801,0.0020594932844867466,4910.20918299803,14855.115243452594,1.1626610434076357,1.9948981438418647,0.2623655452572359,0.2640598447315164,0.4674398458893346,28190.428594163666,37.78124706103813,5
100,0.00637250853117912,0.0020594932844867466,4910.20918299803,14855.11524345259,1.1626610434076357,2.048909057369729,0.2623655452572359,0.2640598447315164,0.4674398458893346,28815.298318262114,37.69484853695127,3
100,0.04381728184449285,0.023317263782832776,9886.377586955374,17875.97764316305,1.841073599067467,2.076446218827096,0.2994102626165072,4.9786069451566926,0.14854577948938755,24759.31409382493,59.04605580352156,4
100,0.048708603437985824,0.017270361118017875,6628.559685163532,5825.406169937813,2.3636390611465083,1.2877501800857138,0.22775281924782517,4.300982305884022,0.4057488632295062,24204.102775494157,56.228827420407086,3
