evolution$generation,growthRate,innovationWeight,gravityDecay,innovationDecay,innovationUtility,innovationUtilityGrowth,earlyAdoptersRate,newInnovationHierarchy,newInnovationPopulationProportion,mselog,logmse,evolution$samples
1,0.008636172825534194,0.007514738598599569,12685.987665357241,18906.825143886752,1.15560698530552,1.1394406705621054,0.3604646979602389,2.0841687740810344,0.8268143279071856,28585.67882922418,48.23747355660539,2
1,0.008636172825534194,0.007514738598599569,12685.98766535724,18906.82514388675,1.15560698530552,1.1394406705621054,0.3604646979602389,2.0841687740810344,0.8268143279071856,28585.678829224176,48.237473556605444,4
1,0.008636172825534196,0.007514738598599569,12685.987665357243,18906.825143886752,1.15560698530552,1.1394406705621054,0.3604646979602389,2.0841687740810344,0.8268143279071856,28585.678823304395,48.23747473838219,1
