evolution$generation,growthRate,gravityWeight,gravityGamma,gravityDecay,mselog,logmse
1,0.001845521612540637,0.008545857278576456,7.285495322683343,18552.8738140197,69939.75964235266,64.29670535620875
