evolution$generation,growthRate,gravityWeight,gravityGamma,gravityDecay,mselog,logmse
10,0.0,0.0,0.42474370311538456,4556.1373359651325,69691.880237766,33.0037776509156
10,0.05,0.0,4.862677267945416,9904.235544692421,56514.25225102812,36.08352905513213
10,0.04220716825561904,0.0036103108721877216,0.1,13516.412086198507,57692.59367487859,35.94679175621279
10,0.04220716825561904,0.0036103108721877216,0.1,13516.412086198503,57692.59367487859,35.94679175621279
10,0.04135199299644614,0.0029969352648282358,0.1,13516.412086198508,57805.23235789714,35.77577563399518
