evolution$generation,growthRate,gravityWeight,gravityGamma,gravityDecay,mselog,logmse
329,0.026584189386353353,0.010690782350236565,0.0,25847.123750001643,179.38642466480178,32.91891041333302
329,0.027827000304262398,0.011463244245206108,0.0,24716.241076284317,181.40280813207764,32.868643135495965
329,0.027882897221692793,0.011915544409728215,0.0,24716.783658393324,182.3693518474049,32.865571213181404
329,0.03805695876216223,1.2027740010753211E-4,0.3205039479452937,3584.5919019090215,179.9767482280468,32.8850359616502
