evolution$generation,growthRate,gravityWeight,gravityGamma,gravityDecay,mselog,logmse
1,0.035391896351231855,9.302119260930164E-4,0.23650929263886078,11445.122471205335,18963.935436775828,36.09022447847777
1,0.03539189635123185,9.302119260930164E-4,0.23650929263886078,11443.926539438111,18963.935508779672,36.09022445385008
1,0.035391896351231855,9.302119260930163E-4,0.23650929263886078,11445.09105503132,18963.935438667148,36.09022447783081
1,0.032049028293463754,9.302119260930164E-4,0.23650929263886078,10603.115993139323,19127.76388750314,35.725857056156954
1,0.03539189635123185,9.302119260930164E-4,0.23650929263886078,11443.922021845296,18963.93550905165,36.09022445375705
1,0.03544245288677949,9.302119260930163E-4,0.23650929263886078,11397.289539712403,18961.726618893463,36.09551625112984
