evolution$generation,growthRate,innovationWeight,gravityDecay,innovationDecay,mselog,logmse,evolution$samples
1,0.007798092959462099,0.031011914433896642,20000.0,9731.505043807925,23278.003269191475,74.5721266455802,5
1,0.0077980929594621,0.031011914433896642,18652.094664818946,9731.505043807925,23276.63826287358,74.58248783331652,1
