evolution$generation,growthRate,gravityWeight,gravityGamma,gravityDecay,mselog,logmse
10,0.03833121759812838,0.0,3.79860627417133,14094.993383641568,24715.434119959777,28.69822163044443
10,0.03832776341136633,0.0,3.79860627417133,14095.637900301208,24715.780839298284,28.697538153566235
10,0.03318531783503156,0.030108850229134468,0.1,3752.026686893475,24328.638134283403,34.873228202464375
10,0.05,0.00261315806117124,4.601717746438584,5608.897318347729,23715.079844865497,39.95120528304582
