evolution$generation,growthRate,gravityWeight,gravityGamma,gravityDecay,mselog,logmse
1,0.04184926018477614,0.006507634384138039,9.650265240626961,15932.543950788518,24602.99394432644,45.55092317101847
1,0.04184347188040283,0.006507634384138039,9.65026524062696,15932.54395078852,24603.543801598255,45.55083845978581
1,0.041842204596268404,0.006507634384138038,9.65026524062696,15932.543950788522,24603.664192624066,45.55081991311873
1,0.04184070996752336,0.006507634384138038,9.65026524062696,15932.543950788522,24603.80618396659,45.55079803922567
1,0.04184051960120624,0.006507634384138038,9.650265087986362,15932.544809964897,24603.824269089837,45.5507952523461
1,0.04183985707093599,0.006507634384138038,9.650265087871155,15932.544678876784,24603.887211299425,45.55078555618318
1,0.04184350335077966,0.006507634384138039,9.650265857628257,15932.54751720993,24603.540812430492,45.5508389245539
