evolution$generation,growthRate,innovationWeight,gravityDecay,innovationDecay,mselog,logmse,evolution$samples
1,0.023511528234768132,0.028827753593836082,10464.480985587343,13281.935943127159,21591.295112341482,73.90297137068802,2
1,0.02351152823476813,0.028827753593836082,10464.480985587343,13735.752897965756,21591.29493567519,73.90297276896202,1
1,0.023511528234768125,0.028840588913278082,10856.80894073135,13700.667955764871,21593.031983391626,73.89850245040643,1
1,0.02351152823476813,0.02882775359383609,10464.480985587343,13735.752897965756,21591.29509235327,73.90297155172122,1
1,0.023511528234768125,0.028840525207034375,10853.876772518051,13701.219953940532,21593.020838736495,73.89854537636883,1
