evolution$generation,growthRate,innovationWeight,gravityDecay,innovationDecay,mselog,logmse,evolution$samples
10,0.04847612215740409,0.019410730349445213,2446.4374239410986,6721.289779717848,20192.82295444558,70.40996607349885,2
10,0.048476122157404086,0.018163389607600885,2446.4379234585786,6721.290187485125,20113.57402277588,69.71923914736263,1
10,0.04847612215740408,0.018163389607600885,2446.4379234585795,6721.290187485124,20113.573810981958,69.7192396104591,1
10,0.010626506849888329,0.0,2889.910533516118,7672.193664002914,21210.508653103545,33.39668937112915,1
10,0.01062360506528283,1.7583351340607396E-6,2889.910533516118,7672.193664002914,21210.908880141513,33.39494782723664,2
10,0.010042163380988756,0.034915794442265856,16435.16510004372,1513.0467649336276,23149.914389461355,75.8154197222014,3
10,0.04890309064097839,0.046950002453395784,5118.680012114827,6257.8247057242,21731.715806513384,79.10332395353903,3
