evolution$generation,growthRate,mselog,logmse
1,0.023984318105468614,26315.968452554018,30.260345809513463
