evolution$generation,growthRate,mselog,logmse
38,0.025885955734422407,158.7787101508571,32.62229675968121
38,0.02779850730864682,168.53434964466115,32.42214636694252
38,0.03001981592569572,192.5727321526406,32.397745246219316
38,0.027243482018097166,164.6306938741471,32.46749193490408
38,0.027881082519768376,169.18854329401606,32.4165408461459
38,0.027346045129871356,165.2869831106124,32.45816507269916
38,0.027342247527350816,165.2621543310848,32.458503169335806
38,0.027346800919337024,165.29192931574076,32.45809785291349
38,0.025885588645604602,158.77785144553164,32.62234480675217
