evolution$generation,growthRate,mselog,logmse
1,0.061410418010181794,1591.4735406971174,36.51641203687727
