evolution$generation,growthRate,mselog,logmse
10,0.025885955734422407,158.7787101508571,32.62229675968121
10,0.02779850730864682,168.53434964466115,32.42214636694252
