evolution$generation,growthRate,innovationWeight,gravityDecay,innovationDecay,mselog,logmse,evolution$samples
1,0.004965922458316632,0.026616948280888987,15026.384302262353,4186.480490411033,2258.0624988771815,72.1069817270729,2
1,0.007183781481682239,0.026616948280888987,15026.384302262353,4186.480497554419,2177.2791981067144,72.10243828697126,1
