evolution$generation,growthRate,innovationWeight,gravityDecay,innovationDecay,mselog,logmse,evolution$samples
10,0.0018975353987911725,0.003050808881914624,18377.03853832231,17756.783100731445,1593.6648677719622,49.69729061205565,2
10,0.017950215818448658,0.0,18377.03853832231,20000.0,744.450914982375,34.08159548777186,1
10,0.0020420799794512614,0.04958767134067176,34.65367403576705,12656.543352507348,3106.779372486528,83.70828073517717,4
10,0.01814125333549388,0.006994353657255582,18578.43666705818,8505.28177268315,1184.9396888094338,58.25850567630853,2
10,0.042676032034119404,0.004800353704011684,5049.965586318652,3609.726495754565,2053.4015233497403,54.60021691876882,3
