evolution$generation,growthRate,innovationWeight,gravityDecay,innovationDecay,mselog,logmse,evolution$samples
100,0.04471361788279056,0.00540391006445492,2727.468491911909,4200.6555650049495,2273.222441834986,56.187120189405746,6
100,0.022021847483110757,0.0,0.1,12071.942820601618,736.9590791485354,33.87636969273669,1
100,0.03400602286795752,0.0,15414.864437953129,15798.272982406585,1074.0568722789724,33.13191415705006,1
100,0.0,0.0,6953.043712333746,6628.862587478019,1766.1988255435795,34.67237173334447,2
100,0.039081057965864086,0.0067571800149546675,7690.387131844639,1826.6750952884058,1964.0956019427883,57.998478296359444,3
100,0.042676032034119404,0.004800353704011684,5049.965586318652,3609.726495754565,2053.4015048020547,54.600222180820474,4
100,0.01964850644903772,0.008221849098106115,8704.170982394844,4930.672199730645,1274.5905139237013,60.059462401267886,3
100,0.01164772945673771,0.0010967077616151233,17618.64159995034,16552.907397112063,883.8554850216019,39.77380212969476,2
