evolution$generation,growthRate,gravityWeight,gravityGamma,gravityDecay,mselog,logmse
117,0.040799185140470734,0.0,1.1565112412230376,91607.02869528023,184.79840308857897,32.872318292548556
117,0.0369348089404604,0.0,1.9692071366463935,92171.60646126342,179.3383031971049,32.932567362550806
