evolution$generation,growthRate,innovationWeight,gravityDecay,innovationDecay,innovationUtility,innovationUtilityGrowth,earlyAdoptersRate,newInnovationHierarchy,newInnovationPopulationProportion,mselog,logmse,evolution$samples
10,5.868956143525562E-4,0.001487627220525445,19617.009153579733,8559.44732655631,2.3484457694035874,1.647313005698745,0.01690292312401617,0.6539262507476666,0.49700278920234575,69408.90247719278,45.36429625759891,3
10,0.006479945395626855,0.0014876272205254452,18471.548521318073,7846.04690318483,2.348445769403588,1.7564064235767576,0.016902923124016173,0.7481215438456458,0.49700278920234575,66942.96911177295,45.33797265131079,1
10,0.010472441531228283,0.02302856574749055,18181.727992851324,19476.468521164792,2.829338236922111,1.498882816618953,0.38210722913388495,3.5735506991104944,0.3992752863250443,66623.72373003194,74.4788878511458,4
10,0.021301866432194453,0.05,13924.13936466413,0.1,1.9684062411574548,1.9000986205483406,0.27542060658620304,0.1,0.9,60847.58431686175,50.3086364054747,1
10,0.05,0.049999999999999996,13924.139364664126,0.1,2.078296842139671,1.9000986205483406,0.29312940862362,0.1,0.9,56248.87459063884,52.03520313196211,1
10,0.03749316142890637,0.005822106418543882,12406.196591681108,18851.539602493656,2.161373132714587,1.1674816899589286,0.12358490772277651,4.980023947244125,0.39614758574015674,59038.20130137038,59.95788507635053,2
