evolution$generation,growthRate,innovationWeight,gravityDecay,innovationDecay,innovationUtility,innovationUtilityGrowth,earlyAdoptersRate,newInnovationHierarchy,newInnovationPopulationProportion,mselog,logmse,evolution$samples
1,5.868956143525562E-4,0.001487627220525445,19617.009153579733,8559.44732655631,2.3484457694035874,1.647313005698745,0.01690292312401617,0.6539262507476666,0.49700278920234575,69408.90247719278,45.36429625759891,3
1,0.006479945395626855,0.0014876272205254452,18471.548521318073,7846.04690318483,2.348445769403588,1.7564064235767576,0.016902923124016173,0.7481215438456458,0.49700278920234575,66942.96911177295,45.33797265131079,1
