evolution$generation,growthRate,mselog,logmse
1,0.045924241296836886,3048.472390462033,37.204450569477586
