evolution$generation,growthRate,mselog,logmse
1,0.05779438217892559,2917.193804722208,34.59004563968843
