evolution$generation,growthRate,gravityWeight,gravityGamma,gravityDecay,mselog,logmse
10,0.02420659353215574,3.960035993685329E-5,0.4525429370416356,57867.83295071424,761.0344378514963,33.73748433528372
