evolution$generation,growthRate,gravityWeight,gravityGamma,gravityDecay,mselog,logmse
1,0.0035006268595572767,0.048229285740823316,5.6187751330759745,10223.255367938596,3667.2770832333986,79.61002685400757
