evolution$generation,growthRate,gravityWeight,gravityGamma,gravityDecay,mselog,logmse
1,0.040296344151336344,0.01852809138000111,3.1430592958766814,20000.0,1505.6943711314816,56.051021497776354
