evolution$generation,growthRate,gravityWeight,gravityGamma,gravityDecay,mselog,logmse
10,0.04919863597856689,0.0,1.64839815313712,9502.064148146384,807.1981022908606,33.70750983476527
10,0.032911417827997204,0.0,0.1,9594.738796568547,1268.9646416484984,33.05122040624926
10,0.05,0.0,2.6732622182018355,20000.0,793.1933901949138,33.76192725682748
10,0.05,0.0,9.266306765724822,7850.401079174374,793.1933901949138,33.76192725682748
10,0.05,0.0,9.266207345731084,7850.401079174374,793.1933901949138,33.76192725682748
10,0.04066349767872485,0.02380592271626199,0.1,15495.258908763746,702.7799599205853,35.45132771405837
