evolution$generation,growthRate,gravityWeight,gravityGamma,gravityDecay,mselog,logmse
18,0.0034795066854945537,0.006720464363319013,0.472491692935057,16387.693032189134,1384.4277539911654,37.48781296334854
18,0.006550630746297328,0.0,9.247942482787288,20000.0,1553.9969250502345,34.50504564278878
