evolution$generation,growthRate,gravityWeight,gravityGamma,gravityDecay,mselog,logmse
10,0.020716462149315315,0.0025441226834109765,1.1069357277579632,18015.497797578944,1579.9238771649223,51.73311371385234
10,0.02071634222737504,0.0025441226834109765,1.106935731150244,18015.17053824477,1579.9190536660062,51.73311469726208
10,0.020717062834017475,0.002544115903570748,1.106935887461088,18012.21282675761,1579.9478421030226,51.73310436379769
10,0.02071634222737504,0.002544122683410977,1.106935731150244,18015.17053824477,1579.9190536660062,51.73311469726208
10,0.004137684068775588,0.03778332729068297,0.1,10784.243949463547,3307.2761111078476,35.46915627777325
