evolution$generation,growthRate,gravityWeight,gravityGamma,gravityDecay,mselog,logmse
1,0.012094119894154905,0.005934311559476289,9.539694164601647,5617.50404187184,2226.3163083955887,64.10140643058325
