evolution$generation,growthRate,gravityWeight,gravityGamma,gravityDecay,mselog,logmse
218,0.017032368863667085,0.013570874949634793,0.1,20000.0,1923.464779223141,32.99338898876788
218,0.013631885516008089,0.002208177220345164,0.1,17359.89726946137,1199.6668898590165,34.12077486725844
218,0.0,0.021952898075342495,0.1,19384.718232834275,1367.003380966326,33.12095331093818
218,0.014125992026092044,0.0026882742740873327,0.3016082058019097,16379.341598647274,1205.9174340284296,33.721715630636126
218,0.017004704538606193,0.01334957638901594,0.1,19982.25553777482,1900.6495153066166,32.99731300468795
218,0.005221050706239606,0.012875018811080559,0.1,19764.732616343357,1236.364417885656,33.668790208483145
218,0.0175245015111986,0.011829063801122409,0.1,15998.130820697952,1811.3468689973804,33.04359862584913
218,6.088391041608387E-4,0.01346344832834457,0.2068535901432109,20000.0,1265.4231973854846,33.18125490964669
