evolution$generation,growthRate,gravityWeight,gravityGamma,gravityDecay,mselog,logmse
100,0.017032368863667085,0.013570874949634793,0.1,20000.0,1923.464779223141,32.99338898876788
100,3.2729822666494626E-4,0.013570874949634793,0.1061645908552761,20000.0,1240.3030317856903,33.85049248254759
100,0.0,0.021952898075342495,0.1,19384.718232834275,1367.003380966326,33.12095331093818
100,0.0175245015111986,0.011829063801122409,0.1,15998.130820697952,1811.3468689973804,33.04359862584913
100,6.088391041608387E-4,0.01346344832834457,0.2068535901432109,20000.0,1265.4231973854846,33.18125490964669
