evolution$generation,growthRate,mselog,logmse
1,0.0097005791389033,65695.30514420691,31.822082937123366
