evolution$generation,growthRate,gravityWeight,gravityGamma,gravityDecay,mselog,logmse
10,0.04634427411814332,0.0011261138571753927,0.004439407724190492,11972.077715321258,217.91282944515225,33.33110080618188
