evolution$generation,growthRate,gravityWeight,gravityGamma,gravityDecay,mselog,logmse
100,0.01796683029766503,0.02106087035983631,0.0,45408.11120718805,180.97483212939972,32.8718609992025
