evolution$generation,growthRate,gravityWeight,gravityGamma,gravityDecay,mselog,logmse
500,0.011525805692029373,0.028358601458978384,0.0,0.1,182.5507507393801,32.865474732223106
500,0.03694666855445381,0.0,8.277190834335263,75606.0134619164,179.3385363837693,32.932069693670016
500,0.02163094251487274,0.018050783867298928,0.0,49523.610720315846,182.131333726728,32.86590044265159
500,0.033727503166418295,0.0045764045402524834,0.0,16915.401666633083,180.04946974621026,32.88616085477772
500,0.0134667554766358,0.024540805396718865,0.0,63212.08238266799,179.77937751730397,32.89418121001782
500,0.021647302679429405,0.017369088600787053,0.0,46593.06299558889,180.95749495614862,32.87202387774491
500,0.03781899898918354,0.0,6.3280722706305745,100000.0,179.64071403179562,32.89989858563503
500,0.01796683029766503,0.02106087035983631,0.0,45408.11120718805,180.97483212939972,32.8718609992025
500,0.03732720094404012,0.0,0.632304141624825,53007.80134531343,179.4013957271293,32.91692998730357
