evolution$generation,growthRate,gravityWeight,gravityGamma,gravityDecay,mselog,logmse
1,4.512513387134765E-4,0.020878597371379794,2.143652682667052,83303.93573255674,1362.1999377974614,57.02703278182666
