evolution$generation,growthRate,mselog,logmse
1,0.06774858917375338,18740.927069459827,38.51149706108231
