evolution$generation,growthRate,gravityWeight,gravityGamma,gravityDecay,mselog,logmse
1,0.03776823335868954,0.04709089711562895,4.901049237150879,1024.333790918251,2782.970186360546,76.39850225638773
1,0.03776823335868954,0.04709089711562895,4.900713046501553,1024.3337909182508,2783.0300226627724,76.39842031658881
1,0.037768233358689535,0.04709089711562895,4.8992073738185455,1024.3337909182508,2783.2982249262463,76.39805310954488
1,0.037768233358689535,0.047090897115628944,4.899214557148232,1024.3337909182508,2783.2969445311214,76.39805486232277
1,0.03775874661385559,0.04709089711562895,4.901044892197637,1025.468161884616,2782.1991700201497,76.39855552427916
1,0.03775929002867434,0.04709089711562895,6.303063918956566,1025.2434817691906,2665.713944944606,76.63809282789956
