evolution$generation,economicMultiplier,sizeEffectOnSupply,sizeEffectOnDemand,distanceDecay,populationToWealthExponent,wealthToPopulationExponent,mselog,logmse
2685,99.95155001440705,10.446424299872621,10.454178621877087,4.899525038494149,7.775189383797927,0.1,46.873645330140185,31.623643564341183
2685,99.93112321461446,10.161395971877607,12.174556459478445,5.376757102769081,7.829845447386318,0.1,31.728226907961123,32.15381316476456
2685,99.95531950223207,9.878800263426104,12.439659813411124,5.925646205186884,8.145895404395077,0.10138387629517162,33.461326116828126,31.873197015436258
2685,99.90310983779608,10.30604950645675,12.820608385609615,5.784688511884416,7.818777681117445,0.1,32.664693556780136,31.879594263301623
2685,100.0,8.976200749072424,11.304168482533454,7.025049819125292,8.317492317833677,0.10910864513253002,37.99736537087932,31.737962931430076
2685,99.99991435248387,10.16288953513089,12.341501673026796,5.5513828213125205,7.778074735614675,0.1,31.783388753553172,32.14060525143558
2685,99.86064285221748,9.518811735113797,12.016452069341966,6.256868444660936,8.319073149624302,0.10712421443841984,32.49893238820235,31.897884139513977
2685,100.0,9.902714671218328,10.281309544087197,4.241611808581614,6.66850756536008,0.10000675689275382,41.08477081704243,31.664214330504535
2685,100.0,9.599227570546837,11.892239080095763,6.812707485916578,8.299285806270063,0.10451446707143865,33.9472931621998,31.772342573197854
