evolution$generation,growthRate,gravityWeight,gravityGamma,gravityDecay,mselog,logmse
1,0.01867484788176742,0.03236204304595257,3.3099567697194563,10717.272877581512,2601.4094525006462,75.63629954039244
1,0.018674847881767424,0.04372286936489455,0.1,10717.272877581512,3443.352414563962,37.16102675508256
1,0.018674847881767424,0.04359045834871225,0.10142205954420622,10717.272877581512,3429.263849583209,37.17910137039808
