evolution$generation,growthRate,gravityWeight,gravityGamma,gravityDecay,mselog,logmse
10,5.068874349874686E-4,0.017427616273433404,0.1,4110.3152621301615,768.095151100153,33.49313140076278
10,0.034414159703981664,3.290192321125516E-4,0.5195472452622862,4969.492201956663,1109.2746933611006,32.98717215116761
