evolution$generation,growthRate,gravityWeight,gravityGamma,gravityDecay,mselog,logmse
1,0.013676923732131597,0.01395075072435819,0.5390620974596264,14200.883871237837,1818.7578290945157,44.693042490725574
