evolution$generation,growthRate,gravityWeight,gravityGamma,gravityDecay,mselog,logmse
100,8.673328914656277E-4,0.0,9.310804420649212,12201.089435427777,1041.254296898285,32.04301637189042
100,0.01178737277019428,0.0,8.263354258125458,14779.782597083027,703.5416219212564,33.2569825173733
100,0.0,0.004277604808649993,0.1,17381.346215284277,882.6258948367297,32.230463164208444
100,0.008680781098975686,0.0,4.894180924307628,19547.12470618768,727.3231998172913,32.646846811678834
100,0.008615019944883734,0.0,4.894180924307628,19547.124462411364,728.4041639853987,32.63391817352311
100,0.008680781098975686,0.0,4.894180924307627,19547.12470618768,727.3231998172913,32.646846811678834
100,0.01178737277019428,0.0,6.327673037141361,20000.0,703.5416219212564,33.2569825173733
