evolution$generation,growthRate,gravityWeight,gravityGamma,gravityDecay,mselog,logmse
10,0.013676923732131597,0.01395075072435819,0.5390620974596264,14200.883871237837,1818.7578290945157,44.693042490725574
10,0.028863151038909393,0.0013959015231518994,1.6184040413395095,19724.54160096797,1613.2760606597567,46.16191758438448
10,0.03597569968101921,0.0048116180621102615,0.1,18305.092973062277,2484.1334756066053,36.955957267875206
