evolution$generation,growthRate,gravityWeight,gravityGamma,gravityDecay,mselog,logmse
100,0.0030561649151455428,0.00525476243171559,3.8026191751135197,36807.631197682014,139965.40418281223,0.008310927346861133
100,0.0,9.207115776275255E-4,3.8949244624820585,36817.36722810611,143400.86426093575,9.207115776275255E-4
100,0.0019753354646593444,0.03350304689864469,0.0,50914.669661653206,0.0,0.035478382363304035
100,0.012116886814329559,0.012477010114868743,3.1893094613300663,3874.235994395307,12356.13751235045,0.024593896929198302
100,0.009357717061850613,0.009669942566479265,1.9112261610558134,32668.7051435358,62437.28391814423,0.019027659628329877
100,0.006798669657066551,0.005192407156644745,8.979169377443277,12065.82967530176,108341.12833391593,0.011991076813711296
100,0.016581768536374136,0.012938186688744892,3.0753106495202487,1849.6051122050933,5688.110298971418,0.029519955225119028
