evolution$generation,growthRate,gravityWeight,gravityGamma,gravityDecay,mselog,logmse
10,0.04639575352822618,0.03190247355983369,0.22264330743295258,12713.379403460067,2830.548839036327,0.07829822708805986
10,0.0030561649151455428,0.028932248343817024,1.4157281987305792,36807.631197682014,52109.60141503383,0.03198841325896257
10,0.02088132936837711,0.00971975167135799,9.293170890233158,55539.36757090298,516136.833971875,0.0306010810397351
