evolution$generation,growthRate,gravityWeight,gravityGamma,gravityDecay,mselog,logmse
1,0.04639575352822618,0.03190247355983369,0.22264330743295258,12713.379403460067,2830.548839036327,0.07829822708805986
