evolution$generation,growthRate,gravityWeight,gravityGamma,gravityDecay,mselog,logmse
500,0.0,0.0,7.410688002060693,115.90781859423345,858.9566806013131,0.0
500,0.0011550418905945975,0.0,5.054703395026161,0.1,0.5054703395026161,0.0011550418905945975
500,0.0016988777404783172,0.0,3.2409980610377565,0.1,0.32409980610377565,0.0016988777404783172
500,0.0010265991471776331,0.0,5.0818304295130154,0.1,0.5081830429513016,0.0010265991471776331
500,0.0,0.004041996901988921,0.0,31941.605937649012,0.0,0.004041996901988921
